{
    "android,AndID,recon_androidid": 1.0, 
    "android,Attribute.4.Value,recon_androidid": 0.6666666666666666, 
    "android,DEVICE-ID,recon_meid": 1.0, 
    "android,DevID,recon_meid": 1.0, 
    "android,IMEI,recon_imei": 0.045454545454545456, 
    "android,IMEI,recon_meid": 0.9545454545454546, 
    "android,InstID,recon_androidid": 1.0, 
    "android,InviteesID,recon_username": 1.0, 
    "android,ItemName,recon_androidid": 0.6666666666666666, 
    "android,MAC,recon_macaddr": 1.0, 
    "android,PhoneNumber,recon_phonenumber": 0.3333333333333333, 
    "android,S,recon_gender": 0.03333333333333333, 
    "android,SendFrom,recon_phonenumber": 1.0, 
    "android,UID,recon_advertiserid": 0.2222222222222222, 
    "android,UserID,recon_firstname": 0.8333333333333334, 
    "android,Value,recon_advertiserid": 0.09523809523809523, 
    "android,_hulu_uname,recon_firstname": 1.0, 
    "android,aaid,recon_advertiserid": 0.9642857142857143, 
    "android,adid,recon_advertiserid": 0.30864197530864196, 
    "android,adid,recon_imei": 0.037037037037037035, 
    "android,adid,recon_meid": 0.012345679012345678, 
    "android,adv_id,recon_advertiserid": 0.6666666666666666, 
    "android,advertising_id,recon_advertiserid": 0.47619047619047616, 
    "android,aid,recon_androidid": 0.42962962962962964, 
    "android,analytics_id,recon_androidid": 1.0, 
    "android,andid,recon_androidid": 0.3125, 
    "android,androidAdId,recon_advertiserid": 1.0, 
    "android,androidID,recon_androidid": 0.34782608695652173, 
    "android,androidId,recon_androidid": 0.9148936170212766, 
    "android,android_id,recon_androidid": 0.2857142857142857, 
    "android,androidid,recon_advertiserid": 0.017857142857142856, 
    "android,androidid,recon_androidid": 0.5267857142857143, 
    "android,ardId,recon_androidid": 1.0, 
    "android,asid,recon_androidid": 0.16666666666666666, 
    "android,auid,recon_imei": 0.5, 
    "android,auid,recon_meid": 0.4, 
    "android,c12,recon_advertiserid": 0.1044776119402985, 
    "android,c4,recon_macaddr": 0.008771929824561403, 
    "android,c5,recon_serialnumber": 0.012195121951219513, 
    "android,c6,recon_androidid": 0.008403361344537815, 
    "android,caddevice_ifa,recon_advertiserid": 0.2, 
    "android,caid,recon_androidid": 0.21428571428571427, 
    "android,d,recon_advertiserid": 0.0036968576709796672, 
    "android,d,recon_imei": 0.018484288354898338, 
    "android,d,recon_meid": 0.018484288354898338, 
    "android,device,recon_androidid": 0.010526315789473684, 
    "android,device,recon_imei": 0.017543859649122806, 
    "android,deviceAndroidId,recon_advertiserid": 0.4807692307692308, 
    "android,deviceId,recon_advertiserid": 0.043478260869565216, 
    "android,deviceId,recon_androidid": 0.15217391304347827, 
    "android,deviceId,recon_imei": 0.10869565217391304, 
    "android,deviceId,recon_meid": 0.15217391304347827, 
    "android,deviceIdsAID,recon_advertiserid": 1.0, 
    "android,device_ad_id,recon_advertiserid": 1.0, 
    "android,device_id,recon_advertiserid": 0.014814814814814815, 
    "android,device_id,recon_androidid": 0.05802469135802469, 
    "android,device_id,recon_imei": 0.09259259259259259, 
    "android,device_id,recon_macaddr": 0.0024691358024691358, 
    "android,device_id,recon_meid": 0.13209876543209875, 
    "android,deviceid,recon_advertiserid": 0.1712707182320442, 
    "android,deviceid,recon_androidid": 0.003683241252302026, 
    "android,deviceid,recon_imei": 0.7716390423572744, 
    "android,deviceid,recon_meid": 0.0055248618784530384, 
    "android,deviceifa,recon_advertiserid": 1.0, 
    "android,di,recon_androidid": 0.47368421052631576, 
    "android,di,recon_meid": 0.10526315789473684, 
    "android,did,recon_advertiserid": 0.015151515151515152, 
    "android,did,recon_imei": 0.030303030303030304, 
    "android,did,recon_meid": 0.015151515151515152, 
    "android,dpid,recon_advertiserid": 0.07272727272727272, 
    "android,ecmd5,recon_advertiserid": 1.0, 
    "android,email,recon_email": 0.2, 
    "android,email,recon_imei": 0.2, 
    "android,foreignUserId,recon_advertiserid": 1.0, 
    "android,gadid,recon_advertiserid": 0.2, 
    "android,gaid,recon_advertiserid": 0.983739837398374, 
    "android,gender,recon_gender": 0.016129032258064516, 
    "android,googleAdId,recon_advertiserid": 1.0, 
    "android,google_ad_id,recon_advertiserid": 0.8976377952755905, 
    "android,google_ad_id,recon_androidid": 0.007874015748031496, 
    "android,google_adid,recon_advertiserid": 1.0, 
    "android,google_aid,recon_advertiserid": 0.8333333333333334, 
    "android,googleadid,recon_advertiserid": 1.0, 
    "android,hid,recon_imei": 0.3333333333333333, 
    "android,hwid,recon_androidid": 1.0, 
    "android,i,recon_meid": 0.0035211267605633804, 
    "android,iccid,recon_iccid": 0.5, 
    "android,id,recon_advertiserid": 0.001081665765278529, 
    "android,id,recon_androidid": 0.001081665765278529, 
    "android,identifier,recon_email": 0.42857142857142855, 
    "android,idfa,recon_advertiserid": 0.6410256410256411, 
    "android,ie,recon_meid": 0.04807692307692308, 
    "android,ifa,recon_advertiserid": 1.0, 
    "android,ii,recon_imei": 0.08108108108108109, 
    "android,ii,recon_meid": 0.918918918918919, 
    "android,imei,recon_androidid": 0.07216494845360824, 
    "android,imei,recon_imei": 0.23711340206185566, 
    "android,imei,recon_meid": 0.36082474226804123, 
    "android,imie,recon_imei": 0.3333333333333333, 
    "android,imie,recon_meid": 0.6666666666666666, 
    "android,imsi,recon_imsi": 0.5, 
    "android,installid,recon_androidid": 1.0, 
    "android,isu,recon_androidid": 0.003816793893129771, 
    "android,keyDev,recon_imei": 0.01639344262295082, 
    "android,keyDev,recon_meid": 0.9836065573770492, 
    "android,keydev,recon_meid": 1.0, 
    "android,lat,recon_location_gps": 1.0, 
    "android,latitude,recon_location_gps": 1.0, 
    "android,listenerId,recon_advertiserid": 1.0, 
    "android,ll,recon_location_gps": 0.6, 
    "android,lng,recon_location_gps": 1.0, 
    "android,lon,recon_location_gps": 1.0, 
    "android,long,recon_location_gps": 1.0, 
    "android,longitude,recon_location_gps": 1.0, 
    "android,m0,recon_imsi": 0.3333333333333333, 
    "android,ma,recon_macaddr": 0.02127659574468085, 
    "android,mac,recon_macaddr": 0.2066115702479339, 
    "android,macAddress,recon_macaddr": 0.34782608695652173, 
    "android,mac_addr,recon_macaddr": 0.5, 
    "android,mc,recon_macaddr": 0.8461538461538461, 
    "android,mob_userid,recon_imei": 0.6666666666666666, 
    "android,mob_userid,recon_meid": 0.3333333333333333, 
    "android,mobile_id,recon_imei": 1.0, 
    "android,mobilekey,recon_imei": 1.0, 
    "android,msisdn,recon_phonenumber": 1.0, 
    "android,name,recon_firstname": 0.026845637583892617, 
    "android,nickName,recon_firstname": 1.0, 
    "android,nickname,recon_username": 1.0, 
    "android,o,recon_androidid": 0.04424778761061947, 
    "android,o,recon_imei": 0.05663716814159292, 
    "android,o,recon_meid": 0.021238938053097345, 
    "android,o2,recon_androidid": 0.3333333333333333, 
    "android,o_andadvid,recon_advertiserid": 0.5945945945945946, 
    "android,o_androidid,recon_androidid": 0.15384615384615385, 
    "android,o_androidimei,recon_imei": 0.8461538461538461, 
    "android,o_androidimei,recon_meid": 0.15384615384615385, 
    "android,openUDID,recon_androidid": 0.9523809523809523, 
    "android,osdevid,recon_advertiserid": 0.8823529411764706, 
    "android,ownid,recon_androidid": 0.08547008547008547, 
    "android,ownid,recon_imei": 0.29914529914529914, 
    "android,ownid,recon_meid": 0.6153846153846154, 
    "android,par1,recon_imei": 0.5, 
    "android,par2,recon_imsi": 0.5, 
    "android,params,recon_firstname": 0.0012515644555694619, 
    "android,password,recon_password": 0.011904761904761904, 
    "android,phone,recon_phonenumber": 0.16666666666666666, 
    "android,phone_id,recon_meid": 1.0, 
    "android,pid,recon_imei": 0.052805280528052806,